{"name":"QnAIntent","identifier":"SO7JB823MT","description":"Question and answer intent that access knowledge base to retrieve info.","parentIntentSignature":"AMAZON.QnAIntent","sampleUtterances":null,"intentConfirmationSetting":null,"intentClosingSetting":{"isActive":true,"nextStep":{"sessionAttributes":null,"dialogAction":{"type":"EndConversation","slotToElicit":null,"suppressNextMessage":null},"intent":{"name":null,"slots":null}},"closingResponse":{"messageGroupsList":[{"message":{"ssmlMessage":null,"customPayload":null,"plainTextMessage":{"value":"Espero ter ajudado!"},"imageResponseCard":null},"variations":null}],"allowInterrupt":true}},"inputContexts":null,"outputContexts":null,"kendraConfiguration":null,"qnAIntentConfiguration":{"dataSourceConfiguration":{"kendraConfiguration":null,"opensearchConfiguration":null,"bedrockKnowledgeStoreConfiguration":{"exactResponse":false,"bedrockKnowledgeBaseArn":"arn:aws:bedrock:us-east-1:869935077079:knowledge-base/AW4ZGICO08","bkbExactResponseFields":null}},"bedrockModelConfiguration":{"modelArn":"arn:aws:bedrock:us-east-1::foundation-model/anthropic.claude-v2","customPrompt":null,"bedrockGuardrailConfiguration":null,"bedrockTraceStatus":null}},"bedrockAgentIntentConfiguration":null,"qInConnectIntentConfiguration":null,"dialogCodeHook":null,"fulfillmentCodeHook":{"isActive":true,"postFulfillmentStatusSpecification":{"failureResponse":{"messageGroupsList":[{"message":{"ssmlMessage":null,"customPayload":null,"plainTextMessage":{"value":"Desculpe não consigo responder essa informação."},"imageResponseCard":null},"variations":null}],"allowInterrupt":true},"failureNextStep":{"sessionAttributes":null,"dialogAction":{"type":"CloseIntent","slotToElicit":null,"suppressNextMessage":null},"intent":{"name":null,"slots":null}},"successResponse":{"messageGroupsList":[{"message":{"ssmlMessage":null,"customPayload":null,"plainTextMessage":{"value":"((x-amz-lex:qnA-search-response))"},"imageResponseCard":null},"variations":null}],"allowInterrupt":true},"successNextStep":{"sessionAttributes":null,"dialogAction":{"type":"CloseIntent","slotToElicit":null,"suppressNextMessage":null},"intent":{"name":null,"slots":null}},"timeoutResponse":null,"timeoutNextStep":{"sessionAttributes":null,"dialogAction":{"type":"CloseIntent","slotToElicit":null,"suppressNextMessage":null},"intent":{"name":null,"slots":null}}},"fulfillmentUpdatesSpecification":null,"enabled":false},"slotPriorities":[]}