{"name":"English (US)","identifier":"en_US","version":null,"description":"A virtual assistant for students to streamline access to institutional documents. The chatbot will enable document requests, content inquiries, and summarization of key information.","voiceSettings":{"engine":"neural","voiceId":"Danielle"},"nluConfidenceThreshold":0.4,"generativeAISettings":{"buildtimeSettings":{"descriptiveBotBuilderSpecification":{"enabled":true,"bedrockModelSpecification":{"modelArn":"arn:aws:bedrock:us-east-1::foundation-model/anthropic.claude-v2","customPrompt":null,"bedrockGuardrailConfiguration":null,"bedrockTraceStatus":null}},"sampleUtteranceGenerationSpecification":null},"runtimeSettings":null}}