{"name":"FallbackIntent","identifier":"FALLBCKINT","description":"Default intent when no other intent matches","parentIntentSignature":"AMAZON.FallbackIntent","sampleUtterances":null,"intentConfirmationSetting":null,"intentClosingSetting":{"isActive":true,"nextStep":{"sessionAttributes":null,"dialogAction":{"type":"StartIntent","slotToElicit":null,"suppressNextMessage":null},"intent":{"name":"GreetingsIntent","slots":null}},"closingResponse":null},"initialResponseSetting":{"conditional":null,"codeHook":{"isActive":true,"invocationLabel":null,"postCodeHookSpecification":{"failureResponse":null,"failureNextStep":{"sessionAttributes":null,"dialogAction":{"type":"EndConversation","slotToElicit":null,"suppressNextMessage":null},"intent":null},"failureConditional":null,"successResponse":null,"successNextStep":{"sessionAttributes":null,"dialogAction":{"type":"CloseIntent","slotToElicit":null,"suppressNextMessage":null},"intent":{"name":null,"slots":null}},"successConditional":null,"timeoutResponse":null,"timeoutNextStep":{"sessionAttributes":null,"dialogAction":{"type":"EndConversation","slotToElicit":null,"suppressNextMessage":null},"intent":null},"timeoutConditional":null},"enableCodeHookInvocation":true},"nextStep":{"sessionAttributes":null,"dialogAction":{"type":"InvokeDialogCodeHook","slotToElicit":null,"suppressNextMessage":null},"intent":null},"initialResponse":{"messageGroupsList":[{"message":{"ssmlMessage":null,"customPayload":null,"plainTextMessage":{"value":"Desculpe algo deu errado."},"imageResponseCard":null},"variations":null}],"allowInterrupt":true}},"inputContexts":null,"outputContexts":null,"kendraConfiguration":null,"qnAIntentConfiguration":null,"bedrockAgentIntentConfiguration":null,"qInConnectIntentConfiguration":null,"dialogCodeHook":null,"fulfillmentCodeHook":null,"slotPriorities":[]}